id,image_id,category_id,segmentation,area,bbox
24738,303260,21,"[[193.62, 154.91, 197.08, 154.3, 199.12, 152.67, 198.31, 148.19, 196.47, 145.13, 203.2, 147.17, 221.33, 151.65, 232.34, 155.32, 249.05, 160.21, 251.7, 160.62, 252.11, 166.94, 257.2, 169.8, 262.09, 172.24, 264.94, 175.1, 264.86, 182.92, 263.12, 186.4, 261.95, 189.89, 258.03, 195.7, 255.57, 201.07, 250.19, 195.7, 252.52, 189.6, 254.55, 184.37, 255.13, 177.83, 248.74, 174.78, 248.02, 172.75, 233.79, 168.53, 233.06, 172.17, 233.06, 176.38, 231.17, 177.98, 226.53, 177.4, 231.17, 183.79, 233.79, 188.29, 235.38, 194.83, 239.45, 202.24, 241.77, 208.77, 244.24, 216.04, 245.4, 222.57, 245.11, 225.33, 247.14, 231.29, 246.71, 237.53, 243.66, 243.64, 243.08, 247.12, 243.95, 254.53, 242.35, 260.49, 240.61, 266.59, 239.74, 272.54, 239.88, 277.92, 240.9, 282.42, 243.71, 289.87, 248.31, 294.16, 248.92, 300.91, 242.48, 307.96, 244.9, 319.55, 236.93, 319.86, 234.18, 325.38, 233.56, 334.58, 228.66, 343.78, 227.13, 353.28, 225.59, 364.32, 202.02, 362.54, 159.42, 360.7, 137.65, 358.25, 123.55, 358.25, 107.31, 356.41, 111.6, 351.51, 103.63, 350.89, 99.34, 347.52, 97.5, 341.39, 94.74, 343.23, 92.6, 334.64, 93.21, 326.36, 95.97, 321.76, 93.82, 317.16, 89.23, 302.75, 92.9, 296.92, 96.58, 289.87, 100.49, 283.87, 97.15, 278.64, 94.25, 273.12, 93.67, 267.46, 91.93, 264.84, 89.89, 261.79, 87.28, 256.27, 86.99, 251.77, 80.75, 240.29, 93.81, 232.01, 99.19, 226.93, 107.61, 217.49, 109.06, 211.24, 108.19, 208.19, 105.28, 203.11, 100.93, 203.54, 96.43, 203.83, 91.78, 203.4, 86.7, 201.65, 82.49, 199.48, 79.0, 194.97, 76.53, 189.16, 75.37, 183.64, 75.08, 177.69, 74.94, 174.34, 91.93, 162.0, 98.31, 155.9, 103.69, 151.54, 109.49, 146.16, 112.11, 143.55, 111.96, 139.19, 114.14, 138.32, 119.51, 137.3, 128.95, 137.74, 135.2, 144.86, 136.07, 148.92, 136.79, 152.7, 141.29, 150.67, 143.62, 148.92, 147.25, 148.49, 152.62, 150.96, 162.64, 153.43, 171.79, 155.32, 181.37, 156.33, 186.31, 156.04, 193.62, 154.91], [224.4, 380.33, 223.48, 393.21, 221.95, 409.77, 114.97, 410.07, 97.5, 410.99, 104.55, 399.65, 106.08, 386.77, 109.46, 372.97, 129.99, 373.28, 152.67, 375.42, 176.58, 375.12, 199.88, 376.34, 224.4, 380.33]]",35436.93,"[74.94, 137.3, 190.0, 273.69]"
33219,4211,21,"[[99.7, 197.54, 100.34, 199.09, 100.6, 200.52, 98.92, 203.11, 95.42, 207.51, 94.13, 210.36, 94.26, 212.82, 96.72, 215.4, 99.7, 210.74, 100.86, 214.5, 106.04, 213.59, 107.86, 212.69, 107.98, 193.01, 107.98, 191.46, 107.6, 189.39, 107.08, 186.93, 106.69, 185.76, 106.04, 183.69, 105.27, 182.01, 103.58, 181.36, 103.32, 179.03, 104.88, 179.03, 109.67, 178.12, 116.4, 175.02, 113.03, 169.71, 119.25, 161.81, 119.38, 168.16, 123.13, 163.37, 120.67, 171.52, 126.5, 168.28, 131.29, 173.33, 137.25, 179.03, 152.1, 175.68, 152.27, 169.19, 132.98, 161.94, 130.9, 160.52, 130.0, 158.45, 133.49, 152.75, 134.53, 149.9, 133.75, 142.91, 132.59, 138.51, 127.54, 133.85, 123.52, 131.52, 120.54, 131.52, 117.7, 132.82, 111.22, 137.61, 109.67, 143.82, 110.7, 147.31, 111.87, 156.12, 109.67, 158.19, 107.98, 158.96, 102.29, 159.35, 96.85, 159.87, 90.63, 165.95, 90.63, 169.06, 91.67, 180.58, 89.6, 185.11, 89.73, 188.87, 91.54, 195.08, 93.09, 197.8, 95.68, 198.96, 99.7, 197.54], [82.79, 236.16, 73.89, 251.56, 72.47, 254.38, 71.06, 256.78, 70.78, 261.73, 71.91, 262.86, 75.16, 264.98, 81.38, 262.15, 82.79, 260.88, 83.21, 258.62, 83.78, 255.09, 88.16, 249.01, 93.39, 239.83, 90.98, 240.26, 88.58, 239.97, 87.03, 239.97, 86.75, 238.28, 85.05, 237.71, 84.34, 237.01, 83.78, 236.02, 82.79, 236.16], [139.71, 244.79, 147.61, 258.51, 147.87, 260.19, 147.35, 264.08, 147.22, 268.48, 150.2, 269.39, 155.64, 269.39, 155.38, 262.27, 156.54, 260.06, 157.84, 258.38, 158.36, 255.15, 156.28, 251.26, 152.66, 244.79, 149.42, 238.32, 147.87, 237.02, 144.89, 238.06, 141.91, 240.13, 139.71, 244.79], [137.32, 183.09, 137.32, 185.49, 136.25, 191.49, 154.52, 197.08, 158.12, 197.75, 159.05, 195.22, 155.32, 187.35, 153.18, 180.56, 137.32, 183.09]]",2742.87,"[70.78, 131.52, 88.27, 137.87]"
33220,4211,21,"[[323.08, 235.28, 326.94, 233.27, 330.81, 232.03, 335.92, 230.17, 340.25, 229.09, 345.04, 228.32, 348.6, 227.85, 352.93, 227.85, 350.61, 221.67, 345.35, 210.22, 344.11, 205.89, 346.28, 203.88, 347.05, 200.48, 344.42, 193.21, 342.1, 189.65, 340.25, 187.33, 337.0, 184.86, 332.98, 183.31, 330.5, 182.85, 327.56, 184.09, 328.33, 185.63, 329.11, 187.02, 328.33, 187.8, 325.71, 188.73, 324.62, 187.64, 323.85, 185.79, 320.45, 185.63, 314.26, 185.17, 309.77, 184.71, 310.02, 182.29, 311.42, 181.75, 314.33, 181.21, 318.1, 181.43, 319.29, 180.89, 320.58, 180.24, 322.41, 180.24, 324.46, 179.92, 324.57, 178.95, 324.68, 177.01, 324.46, 174.86, 324.35, 172.16, 324.14, 170.11, 324.03, 166.67, 323.81, 164.4, 323.17, 162.36, 321.98, 160.09, 321.01, 159.77, 307.11, 160.74, 305.28, 162.57, 304.31, 164.51, 303.44, 166.77, 303.34, 170.22, 303.98, 174.86, 303.98, 179.16, 305.44, 185.48, 303.12, 187.02, 301.11, 188.57, 299.87, 189.96, 298.63, 191.66, 297.86, 193.83, 297.7, 196.15, 297.7, 198.31, 297.7, 200.17, 297.7, 202.03, 298.01, 203.57, 298.01, 205.27, 299.56, 205.74, 300.92, 206.45, 300.47, 207.78, 301.01, 208.76, 303.14, 209.47, 304.66, 209.83, 306.44, 210.19, 308.13, 210.63, 309.56, 211.08, 310.54, 210.81, 310.98, 210.01, 311.96, 209.83, 312.14, 208.41, 312.94, 209.65, 313.83, 209.83, 314.45, 211.52, 315.52, 213.66, 315.97, 215.53, 316.06, 216.86, 316.77, 218.82, 318.2, 222.56, 319.89, 227.37, 320.96, 229.6, 323.08, 235.28], [299.67, 212.06, 299.58, 215.8, 299.58, 217.67, 299.67, 219.09, 299.85, 220.96, 300.11, 222.12, 300.38, 223.54, 301.81, 223.01, 303.05, 222.39, 304.3, 222.47, 305.19, 222.74, 305.64, 220.78, 306.79, 218.02, 307.51, 215.26, 307.51, 214.46, 305.37, 213.66, 303.94, 213.21, 301.72, 212.41, 299.67, 212.06], [311.85, 157.18, 314.11, 156.32, 317.46, 156.0, 319.29, 156.11, 319.72, 156.86, 311.85, 157.18]]",2278.67,"[297.7, 156.0, 55.23, 79.28]"
116415,16574,21,"[[206.32, 145.69, 209.55, 147.62, 213.84, 150.63, 215.99, 161.36, 215.78, 167.58, 214.06, 171.02, 209.76, 169.3, 202.24, 171.45, 195.8, 174.45, 186.56, 173.59, 187.63, 168.23, 185.05, 168.23, 189.99, 148.27, 194.72, 146.76, 196.44, 150.84, 202.89, 149.98, 203.96, 147.62, 206.32, 145.69]]",651.81,"[185.05, 145.69, 30.94, 28.76]"
116416,16574,21,"[[293.08, 144.67, 293.81, 148.71, 294.55, 150.55, 297.3, 150.73, 300.06, 150.36, 300.98, 149.26, 303.37, 145.23, 305.57, 146.51, 305.02, 148.35, 304.28, 150.91, 304.65, 153.67, 306.12, 155.69, 308.51, 157.71, 308.51, 162.66, 307.78, 167.8, 304.84, 169.82, 300.98, 167.25, 299.88, 171.65, 295.1, 171.1, 288.85, 170.92, 289.77, 159.54, 290.51, 152.02, 291.24, 149.81, 290.14, 147.61, 290.14, 144.67, 293.08, 144.67]]",377.98,"[288.85, 144.67, 19.66, 26.98]"
116417,16574,21,"[[73.65, 147.68, 71.52, 145.77, 70.88, 144.07, 66.62, 142.68, 62.79, 146.08, 61.73, 147.56, 60.67, 149.26, 59.82, 150.11, 56.42, 151.38, 56.42, 155.49, 56.42, 156.97, 60.2, 156.24, 63.29, 155.31, 67.49, 155.32, 67.49, 158.5, 66.85, 163.59, 67.27, 165.08, 66.42, 166.77, 79.8, 166.98, 80.23, 165.08, 81.08, 163.38, 82.35, 161.26, 83.84, 156.16, 84.48, 155.1, 84.69, 152.98, 84.26, 150.86, 84.05, 148.95, 85.96, 148.95, 87.03, 152.56, 87.03, 153.62, 86.81, 155.95, 86.6, 157.86, 86.18, 159.13, 85.54, 161.04, 84.26, 162.74, 82.14, 165.5, 81.5, 166.77, 84.28, 170.19, 85.56, 170.82, 87.68, 168.91, 90.87, 161.7, 92.14, 158.3, 92.14, 154.91, 92.14, 151.94, 91.5, 148.54, 90.23, 146.0, 87.26, 143.45, 84.71, 141.54, 83.22, 141.12, 82.37, 142.82, 81.1, 146.85, 79.61, 147.06, 73.65, 147.68]]",587.05,"[56.42, 141.12, 35.72, 29.7]"
116418,16574,21,"[[567.87, 143.05, 568.93, 158.63, 573.29, 151.76, 572.1, 161.93, 572.1, 163.39, 579.37, 165.76, 581.75, 166.16, 582.81, 162.86, 585.19, 160.61, 586.12, 156.25, 588.63, 159.29, 590.88, 158.1, 589.55, 138.82, 588.1, 138.16, 587.31, 142.65, 585.85, 145.16, 584.0, 146.35, 581.62, 145.82, 579.77, 143.71, 578.84, 140.93, 578.32, 138.55, 577.92, 136.71, 574.61, 137.76, 572.89, 138.95, 572.37, 139.88, 571.97, 140.93, 570.51, 140.54, 567.87, 143.05], [590.48, 140.93, 590.88, 147.4, 591.67, 153.22, 592.2, 157.05, 594.58, 156.12, 594.44, 150.97, 594.05, 145.95, 592.59, 142.12, 590.48, 140.93]]",478.87,"[567.87, 136.71, 26.71, 29.45]"
116419,16574,21,"[[416.6, 229.3, 414.75, 231.41, 414.08, 233.52, 413.56, 234.84, 413.16, 235.37, 412.89, 235.77, 412.1, 236.69, 411.44, 236.82, 411.04, 238.41, 409.99, 238.01, 405.89, 236.43, 406.28, 234.58, 407.47, 231.28, 408.27, 227.71, 408.93, 224.28, 410.25, 221.24, 412.76, 219.39, 413.42, 219.52, 413.42, 222.03, 413.95, 224.01, 414.75, 223.48, 414.88, 220.71, 415.27, 220.84, 415.67, 223.09, 416.6, 222.82, 416.86, 225.2, 416.99, 226.92, 416.6, 229.3]]",121.34,"[405.89, 219.39, 11.1, 19.02]"
116420,16574,21,"[[376.83, 142.78, 377.75, 144.89, 378.15, 146.74, 378.02, 149.12, 377.22, 152.16, 375.37, 154.93, 374.45, 158.5, 374.84, 161.27, 374.45, 165.24, 374.84, 166.42, 376.83, 167.48, 379.47, 168.01, 383.04, 168.14, 385.95, 168.54, 388.72, 167.48, 390.05, 164.57, 390.58, 163.12, 390.05, 161.54, 390.18, 156.78, 391.9, 158.63, 392.82, 157.18, 391.77, 154.14, 390.84, 151.37, 390.97, 149.12, 391.77, 146.88, 392.03, 145.69, 390.97, 143.57, 390.05, 144.37, 389.12, 145.55, 388.99, 146.48, 388.33, 147.8, 387.01, 148.72, 384.89, 148.86, 382.64, 148.06, 381.45, 146.88, 381.19, 144.89, 379.87, 143.05, 378.54, 143.71, 376.83, 142.78], [364.0, 148.46, 365.32, 153.88, 369.95, 152.16, 371.93, 150.97, 372.86, 146.74, 374.58, 145.82, 375.5, 145.03, 375.24, 144.23, 373.52, 143.44, 371.27, 144.1, 364.0, 148.46], [393.22, 147.27, 391.9, 149.25, 391.9, 151.5, 393.62, 154.27, 394.01, 156.52, 394.94, 158.5, 396.0, 158.63, 397.19, 158.1, 398.24, 159.16, 399.96, 159.56, 397.98, 148.33, 396.79, 146.61, 394.67, 146.74, 393.22, 147.27]]",451.89,"[364.0, 142.78, 35.96, 25.76]"
116421,16574,21,"[[477.85, 152.86, 480.28, 155.29, 483.46, 154.54, 485.71, 151.55, 488.14, 148.75, 488.7, 147.44, 489.08, 152.67, 489.64, 156.79, 489.26, 160.53, 489.08, 166.32, 488.89, 167.63, 493.19, 166.51, 499.37, 169.5, 500.87, 167.82, 503.49, 166.7, 506.3, 169.13, 508.54, 167.07, 506.86, 155.67, 506.48, 150.06, 508.35, 151.55, 510.23, 149.68, 514.91, 155.67, 512.28, 147.63, 509.66, 145.01, 507.23, 142.95, 504.05, 141.83, 503.68, 146.5, 501.99, 148.94, 499.37, 149.68, 496.56, 149.5, 494.5, 147.44, 493.94, 143.89, 492.45, 140.71, 489.08, 142.76, 487.55, 143.6, 484.58, 144.82, 482.53, 147.63, 480.28, 150.43, 477.85, 152.86]]",500.74,"[477.85, 140.71, 37.06, 28.79]"
225283,248911,21,"[[165.28, 70.91, 166.24, 47.99, 170.77, 35.4, 179.16, 28.94, 184.98, 25.39, 190.15, 29.27, 195.96, 33.46, 198.87, 37.01, 197.9, 41.21, 197.25, 42.18, 196.61, 44.11, 196.93, 48.96, 197.9, 53.8, 197.25, 58.0, 197.25, 63.16, 194.35, 63.16, 193.7, 60.26, 192.41, 56.06, 189.5, 54.44, 188.21, 53.8, 185.3, 53.48, 179.81, 52.83, 177.55, 52.51, 175.61, 52.83, 174.32, 54.12, 172.7, 56.7, 173.03, 58.0, 173.03, 62.84, 172.7, 67.03, 172.06, 68.0, 171.74, 69.94, 172.7, 70.91, 174.32, 71.88, 175.93, 71.23, 182.07, 63.16, 183.36, 62.19, 189.82, 62.52, 199.84, 65.74, 203.07, 66.07, 207.27, 67.36, 210.82, 69.29, 212.43, 71.55, 215.66, 76.72, 220.19, 89.63, 224.06, 99.64, 224.38, 107.71, 223.74, 111.58, 220.51, 114.49, 213.73, 114.16, 206.94, 113.84, 198.54, 111.91, 192.08, 110.29, 185.95, 108.68, 182.39, 107.71, 178.84, 106.09, 176.9, 102.22, 165.6, 102.54, 163.01, 100.28, 161.4, 95.12, 159.46, 90.92, 156.55, 86.4, 155.26, 83.5, 153.32, 79.62, 161.08, 78.98, 165.92, 77.69, 168.18, 77.04, 165.28, 70.91]]",3303.31,"[153.32, 25.39, 71.06, 89.1]"
225284,248911,21,"[[413.24, 146.99, 405.69, 142.6, 401.3, 140.04, 398.43, 136.71, 396.92, 139.28, 395.56, 142.91, 394.2, 146.99, 401.3, 147.29, 413.24, 146.99], [408.7, 88.99, 409.01, 92.15, 407.35, 96.08, 404.93, 98.95, 406.14, 104.99, 408.56, 111.18, 410.37, 116.32, 410.67, 121.15, 410.98, 125.53, 412.03, 127.65, 419.29, 131.73, 430.63, 135.2, 437.13, 137.77, 438.79, 137.17, 438.49, 127.35, 445.74, 127.8, 462.82, 127.95, 468.12, 127.61, 470.4, 124.01, 470.27, 119.66, 467.52, 117.15, 464.94, 124.17, 464.03, 124.63, 464.62, 119.75, 460.16, 123.75, 460.35, 116.34, 465.54, 109.22, 459.04, 94.41, 455.11, 88.67, 452.24, 86.56, 446.35, 85.05, 444.08, 89.58, 441.81, 92.45, 432.89, 93.21, 428.96, 93.21, 423.22, 94.72, 417.32, 94.87, 414.3, 93.36, 408.7, 88.99]]",2230.96,"[394.2, 85.05, 76.2, 62.24]"
225285,248911,21,"[[178.38, 129.97, 179.55, 129.97, 181.67, 128.03, 184.39, 125.32, 186.52, 124.35, 190.01, 124.35, 194.48, 123.57, 198.75, 123.57, 198.36, 120.47, 199.53, 116.98, 203.6, 115.04, 204.57, 114.26, 200.5, 113.48, 194.48, 112.71, 186.71, 110.77, 183.03, 109.22, 180.31, 107.66, 179.14, 106.69, 178.37, 104.37, 177.4, 102.04, 175.26, 102.04, 169.05, 103.01, 166.33, 102.23, 164.2, 100.87, 163.23, 98.16, 162.06, 95.44, 160.9, 92.53, 159.93, 90.4, 159.35, 91.17, 159.35, 92.34, 160.51, 96.61, 161.29, 99.52, 162.45, 101.65, 163.03, 105.92, 163.62, 109.22, 163.81, 112.13, 164.0, 114.07, 163.81, 117.17, 164.2, 118.92, 165.95, 120.66, 169.25, 123.57, 170.99, 124.73, 173.52, 125.51, 175.07, 125.7, 176.43, 127.06, 177.6, 129.0, 178.38, 129.97]]",652.31,"[159.35, 90.4, 45.22, 39.57]"
696456,251777,21,"[[336.36, 116.69, 336.36, 119.31, 337.44, 122.55, 338.99, 127.63, 340.22, 131.18, 340.68, 132.72, 330.35, 137.5, 334.36, 148.45, 332.51, 149.68, 329.89, 150.76, 328.35, 151.38, 326.34, 152.3, 322.95, 153.84, 321.41, 154.46, 320.02, 155.23, 318.17, 154.92, 318.17, 154.0, 318.01, 151.38, 318.32, 148.6, 316.78, 146.91, 315.39, 145.98, 313.08, 145.67, 310.76, 147.06, 309.53, 148.45, 307.68, 150.76, 307.37, 152.15, 306.45, 153.69, 308.45, 154.77, 310.46, 156.93, 312.15, 158.62, 313.08, 160.47, 313.54, 161.86, 313.08, 163.87, 312.0, 166.33, 311.84, 167.72, 314.31, 166.95, 314.0, 168.34, 311.38, 169.73, 309.38, 171.58, 308.76, 173.58, 307.68, 175.28, 307.22, 178.36, 307.22, 180.52, 307.06, 183.6, 305.98, 184.68, 304.13, 185.3, 302.28, 185.91, 300.74, 186.38, 299.66, 186.84, 298.12, 186.84, 296.73, 186.53, 295.65, 186.53, 295.5, 187.76, 295.5, 189.61, 295.03, 190.39, 293.03, 191.0, 291.79, 191.0, 290.1, 190.85, 288.25, 189.61, 285.93, 188.54, 287.32, 188.38, 289.94, 188.54, 293.49, 188.54, 293.03, 187.15, 290.1, 186.22, 288.25, 185.14, 286.24, 184.53, 283.93, 184.37, 282.7, 184.22, 279.46, 183.76, 279.46, 181.29, 279.61, 179.13, 279.61, 176.05, 280.07, 171.58, 278.53, 173.43, 276.06, 176.05, 275.75, 175.43, 277.14, 172.96, 278.99, 170.34, 279.76, 168.49, 280.38, 166.95, 281.77, 166.8, 283.0, 165.56, 283.77, 162.94, 284.55, 161.09, 285.63, 158.16, 286.24, 156.16, 286.7, 154.31, 289.17, 152.77, 291.49, 152.3, 294.42, 152.15, 294.72, 150.61, 296.11, 148.29, 296.58, 146.29, 297.96, 143.51, 299.51, 139.97, 302.74, 134.42, 305.21, 129.95, 306.45, 128.56, 308.6, 126.86, 312.15, 123.47, 314.47, 121.93, 315.7, 120.69, 317.7, 120.85, 320.94, 119.46, 324.64, 118.23, 326.03, 117.61, 328.5, 117.61, 332.05, 116.84, 336.36, 116.69]]",1988.95,"[275.75, 116.69, 64.93, 74.31]"
696457,251777,21,"[[378.41, 264.07, 379.55, 266.91, 382.39, 270.31, 384.66, 274.29, 384.09, 277.12, 384.66, 279.39, 386.93, 282.23, 388.06, 284.5, 394.31, 281.66, 397.71, 279.96, 401.68, 279.39, 402.82, 279.39, 400.55, 275.99, 399.41, 272.58, 397.71, 269.18, 397.14, 266.34, 396.01, 262.37, 393.17, 261.23, 389.2, 261.23, 386.36, 261.23, 382.95, 261.23, 380.12, 262.37, 378.41, 264.07]]",336.38,"[378.41, 261.23, 24.41, 23.27]"
705407,143358,21,"[[161.0, 533.69, 165.32, 519.85, 169.65, 497.8, 174.84, 478.33, 177.0, 459.74, 191.7, 462.33, 212.03, 463.63, 226.73, 463.63, 250.09, 460.6, 268.25, 456.71, 282.96, 451.52, 296.8, 445.9, 310.21, 438.54, 325.34, 430.33, 331.83, 426.43, 333.56, 423.84, 329.67, 417.78, 308.48, 390.54, 316.26, 384.92, 324.05, 377.13, 330.97, 370.64, 335.72, 365.45, 347.82, 375.98, 359.23, 386.37, 362.54, 393.57, 364.27, 400.05, 369.02, 400.92, 371.62, 406.11, 371.62, 408.7, 362.54, 411.73, 354.75, 415.62, 348.27, 415.19, 342.64, 419.08, 340.91, 422.11, 342.21, 426.87, 348.27, 430.76, 354.75, 433.35, 361.24, 432.92, 365.57, 434.65, 356.92, 440.27, 344.37, 446.33, 336.59, 451.95, 334.86, 456.71, 334.86, 460.6, 335.72, 463.2, 339.62, 464.93, 345.67, 465.79, 355.62, 462.76, 351.73, 467.52, 351.73, 471.41, 353.89, 475.31, 356.05, 478.77, 365.13, 480.06, 362.54, 483.96, 362.54, 486.98, 363.84, 492.17, 366.86, 495.2, 371.19, 496.07, 370.32, 500.82, 371.62, 506.45, 377.67, 510.77, 380.7, 513.8, 392.81, 563.1, 387.19, 569.59, 382.0, 576.51, 380.7, 581.27, 380.7, 584.73, 381.13, 587.75, 382.43, 594.24, 388.49, 601.16, 396.7, 607.65, 400.16, 611.54, 398.43, 619.76, 393.24, 630.57, 387.62, 631.44, 383.73, 634.46, 382.43, 640.0, 143.26, 640.0, 144.56, 628.84, 149.75, 626.25, 156.24, 624.95, 162.29, 625.81, 164.46, 624.95, 164.46, 618.46, 163.59, 608.95, 155.81, 608.95, 145.43, 610.68, 145.86, 574.78, 145.86, 560.94, 152.35, 550.99, 157.97, 541.91, 161.0, 533.69]]",43289.18,"[143.26, 365.45, 256.9, 274.55]"
782344,573297,21,"[[121.06, 325.04, 116.85, 329.57, 112.31, 337.13, 109.12, 343.18, 106.43, 349.06, 103.9, 353.93, 102.05, 357.8, 101.89, 360.65, 103.4, 362.83, 106.43, 363.17, 123.58, 372.58, 182.77, 401.97, 210.17, 415.58, 208.83, 417.76, 209.16, 419.78, 211.35, 420.12, 214.04, 419.61, 218.24, 417.76, 220.26, 416.76, 219.25, 380.81, 217.91, 363.34, 217.57, 353.93, 201.77, 348.39, 163.6, 336.97, 153.51, 334.28, 149.81, 331.25, 147.96, 328.06, 143.42, 325.71, 139.38, 323.86, 137.87, 324.54, 137.37, 326.05, 136.86, 327.73, 128.45, 323.53, 126.27, 323.53, 124.08, 323.86, 121.06, 325.04]]",6169.18,"[101.89, 323.53, 118.37, 96.59]"
782345,573297,21,"[[148.94, 264.01, 145.34, 270.99, 144.28, 275.01, 144.28, 276.71, 145.0, 279.5, 143.94, 282.68, 143.09, 285.85, 142.67, 287.55, 139.91, 287.12, 139.28, 288.82, 137.37, 291.36, 136.31, 294.53, 136.1, 300.46, 136.31, 306.6, 137.37, 312.11, 138.01, 317.19, 138.64, 321.21, 140.12, 324.38, 142.46, 326.08, 145.42, 326.71, 149.24, 330.31, 151.23, 333.7, 153.56, 334.55, 158.22, 331.16, 162.25, 325.87, 167.76, 318.46, 173.65, 304.31, 176.19, 293.09, 178.95, 281.87, 184.46, 270.02, 191.71, 258.59, 193.83, 254.14, 195.52, 253.08, 195.94, 249.91, 197.64, 248.85, 199.34, 245.67, 199.97, 242.92, 201.88, 241.01, 202.73, 238.47, 204.0, 235.3, 205.9, 232.97, 206.12, 230.22, 208.66, 228.52, 209.51, 225.77, 210.57, 224.29, 212.69, 221.32, 212.05, 218.36, 213.32, 216.24, 214.81, 214.76, 215.86, 213.28, 226.67, 204.77, 235.15, 198.63, 240.24, 193.55, 243.84, 190.58, 249.98, 186.77, 254.43, 186.35, 257.19, 185.29, 255.28, 183.39, 255.49, 181.27, 253.16, 180.0, 249.77, 179.15, 245.53, 175.98, 244.47, 173.44, 241.93, 171.53, 238.54, 169.84, 233.45, 169.41, 235.15, 166.45, 235.57, 163.49, 234.51, 160.31, 232.18, 159.25, 229.85, 161.16, 227.31, 164.54, 223.07, 169.84, 219.89, 174.71, 216.92, 179.58, 211.41, 187.41, 202.94, 197.44, 184.29, 222.0, 178.57, 228.14, 165.17, 241.82, 154.79, 255.16, 148.94, 264.01], [141.65, 266.38, 143.98, 255.79, 144.83, 251.56, 148.22, 243.51, 153.09, 235.89, 160.09, 227.85, 176.41, 209.64, 196.58, 186.14, 209.08, 166.03, 218.62, 155.02, 215.86, 150.78, 216.71, 146.97, 213.96, 144.86, 212.05, 143.37, 208.45, 133.42, 203.79, 113.35, 196.58, 93.24, 192.55, 86.25, 180.73, 75.54, 174.79, 72.15, 166.74, 68.98, 160.38, 67.07, 147.41, 66.31, 140.85, 66.52, 129.1, 70.04, 122.32, 73.85, 115.97, 76.6, 111.73, 79.56, 107.49, 83.16, 104.52, 87.61, 101.13, 92.06, 96.68, 96.92, 92.02, 103.28, 90.11, 107.93, 88.63, 113.44, 88.2, 122.96, 89.56, 142.53, 90.2, 149.51, 91.68, 152.27, 94.22, 153.54, 95.49, 149.51, 101.85, 146.97, 105.88, 145.7, 113.08, 144.22, 115.41, 142.53, 118.59, 141.89, 120.5, 140.41, 122.2, 141.26, 125.59, 141.04, 127.07, 143.59, 130.08, 149.85, 131.77, 153.87, 132.62, 157.47, 133.05, 160.86, 133.68, 164.25, 133.47, 166.37, 133.89, 169.54, 134.11, 172.72, 134.32, 175.68, 135.59, 178.01, 136.01, 181.4, 136.01, 183.73, 136.01, 186.48, 137.07, 189.02, 137.92, 191.35, 137.28, 194.95, 138.13, 199.18, 139.62, 201.51, 138.34, 204.68, 138.77, 208.28, 140.25, 210.61, 140.25, 213.15, 139.62, 215.27, 140.04, 219.08, 140.04, 220.77, 138.13, 220.14, 135.17, 217.18, 132.62, 212.52, 130.93, 207.44, 130.72, 202.14, 130.08, 199.39, 125.63, 196.85, 123.3, 195.58, 121.39, 192.83, 118.21, 190.5, 115.03, 189.23, 112.07, 185.21, 111.43, 181.18, 111.43, 174.83, 111.43, 168.91, 109.74, 164.04, 108.46, 162.34, 106.34, 161.71, 105.5, 162.55, 105.28, 164.67, 105.28, 167.85, 106.77, 169.75, 108.04, 173.56, 107.19, 176.53, 108.68, 180.97, 109.74, 183.73, 109.1, 187.32, 111.85, 191.35, 111.64, 194.73, 112.28, 198.33, 113.97, 201.09, 113.97, 204.9, 116.3, 208.92, 117.83, 215.82, 123.13, 233.39, 133.0, 257.06, 135.76, 262.35, 141.65, 266.38]]",19409.69,"[88.2, 66.31, 168.99, 268.24]"
787041,395005,21,"[[164.74, 0.0, 153.21, 25.51, 139.29, 57.92, 132.32, 92.26, 125.99, 118.55, 123.34, 123.84, 121.9, 133.44, 121.9, 137.04, 120.45, 138.44, 108.93, 139.88, 91.64, 144.2, 84.44, 148.76, 81.56, 150.68, 83.72, 155.24, 91.16, 161.01, 110.61, 164.37, 121.65, 164.37, 126.24, 161.13, 131.04, 154.64, 139.2, 155.36, 146.41, 158.24, 151.7, 158.62, 163.0, 157.91, 173.12, 152.26, 189.13, 147.08, 199.25, 147.56, 216.06, 155.34, 228.77, 160.05, 238.19, 157.46, 250.19, 147.34, 267.41, 144.71, 285.3, 151.77, 298.53, 159.83, 302.3, 158.88, 308.42, 153.71, 321.84, 149.7, 332.86, 146.93, 336.62, 143.16, 334.03, 141.28, 329.56, 137.98, 315.2, 134.22, 296.61, 132.57, 295.2, 130.69, 293.31, 121.27, 288.37, 111.86, 278.48, 82.2, 261.13, 41.22, 249.23, 16.72, 245.23, 8.02, 240.01, 0.56, 164.74, 0.0]]",22280.75,"[81.56, 0.0, 255.06, 164.37]"
787042,395005,21,"[[427.27, 562.5, 421.86, 558.05, 418.05, 541.83, 415.5, 535.79, 414.55, 531.34, 414.55, 528.16, 414.55, 524.97, 415.47, 521.33, 414.8, 519.53, 410.07, 518.86, 403.55, 517.96, 399.05, 516.84, 395.9, 515.26, 393.21, 512.56, 391.41, 507.84, 391.18, 499.74, 391.18, 492.1, 395.0, 474.11, 401.3, 452.29, 404.0, 442.62, 409.37, 431.68, 412.11, 427.42, 415.76, 426.2, 413.33, 421.94, 405.72, 418.29, 397.81, 415.86, 392.64, 413.42, 389.29, 410.99, 384.42, 407.34, 380.77, 405.21, 377.42, 404.6, 376.21, 404.6, 377.42, 407.64, 372.86, 408.86, 369.82, 405.82, 368.9, 402.47, 369.21, 400.04, 371.03, 398.51, 373.47, 398.51, 377.12, 397.91, 379.86, 397.91, 384.42, 399.73, 391.72, 405.21, 407.85, 414.94, 411.5, 417.07, 416.67, 419.81, 423.37, 423.46, 426.74, 423.99, 430.67, 424.64, 433.07, 426.39, 434.16, 428.35, 438.09, 430.1, 441.8, 433.37, 445.08, 435.99, 447.26, 437.08, 450.31, 438.39, 453.15, 440.36, 454.24, 442.76, 455.55, 444.94, 457.3, 447.56, 457.3, 451.49, 457.73, 452.58, 460.57, 456.08, 463.73, 457.88, 466.93, 461.37, 480.0, 469.52, 480.0, 578.97, 476.64, 582.46, 471.4, 583.63, 465.28, 583.92, 456.26, 583.04, 450.15, 581.3, 445.78, 579.26, 439.67, 569.65, 434.72, 566.16, 429.19, 563.83, 427.27, 562.5]]",10438.53,"[368.9, 397.91, 111.1, 186.01]"
787043,395005,21,"[[120.82, 586.95, 130.71, 584.83, 140.6, 562.93, 152.61, 553.04, 158.96, 536.8, 163.2, 519.14, 170.26, 495.12, 175.21, 473.23, 179.45, 455.57, 180.86, 437.21, 168.85, 442.86, 162.49, 437.21, 124.35, 423.78, 116.58, 425.2, 112.35, 514.9, 120.82, 586.95], [125.06, 411.78, 144.84, 422.37, 178.74, 434.38, 182.27, 432.26, 196.4, 396.94, 196.4, 385.64, 187.92, 361.63, 182.27, 352.45, 174.5, 342.56, 171.68, 307.95, 168.85, 281.11, 161.08, 269.81, 144.84, 266.27, 134.24, 265.57, 125.77, 276.16, 122.23, 286.76, 118.7, 305.12, 124.35, 323.49, 132.12, 349.62, 136.36, 361.63, 136.36, 375.05, 134.95, 387.76, 125.06, 411.78]]",15605.95,"[112.35, 265.57, 84.05, 321.38]"
787044,395005,21,"[[178.04, 459.52, 177.2, 461.74, 175.82, 471.7, 173.05, 486.09, 169.45, 502.43, 164.75, 520.97, 158.94, 537.3, 150.91, 553.91, 144.82, 563.6, 145.65, 580.21, 145.65, 599.31, 147.86, 601.52, 151.46, 601.52, 156.17, 600.69, 159.49, 600.69, 163.09, 599.03, 164.47, 599.03, 166.13, 601.25, 168.07, 607.34, 170.01, 612.04, 170.01, 617.86, 169.73, 621.45, 167.79, 624.22, 163.36, 625.61, 159.49, 626.16, 153.4, 626.16, 152.85, 630.59, 152.02, 638.06, 279.62, 639.17, 279.35, 636.68, 280.73, 613.7, 283.78, 576.06, 285.99, 547.55, 290.42, 448.73, 275.19, 453.98, 261.91, 458.97, 244.75, 461.18, 223.43, 464.23, 202.67, 464.23, 178.04, 459.52], [297.06, 445.4, 294.02, 502.98, 292.08, 553.08, 287.37, 609.83, 284.33, 638.06, 377.34, 637.79, 383.43, 628.65, 386.19, 623.67, 386.75, 618.13, 387.58, 614.81, 388.96, 610.1, 391.73, 607.06, 385.64, 602.08, 381.21, 594.6, 379.27, 587.41, 378.72, 581.04, 383.15, 572.18, 386.47, 568.03, 392.01, 563.88, 390.62, 553.91, 388.69, 545.89, 386.19, 537.58, 385.36, 534.26, 383.7, 527.34, 382.04, 523.74, 382.04, 521.53, 380.38, 517.37, 379.27, 512.67, 373.74, 507.96, 370.97, 505.47, 369.86, 501.6, 369.31, 496.61, 367.65, 494.68, 364.88, 492.74, 361.84, 488.31, 361.01, 485.54, 362.94, 480.56, 356.85, 478.62, 354.36, 475.85, 351.87, 471.98, 351.59, 469.21, 354.36, 463.12, 348.83, 464.78, 344.95, 465.89, 341.35, 465.61, 336.37, 463.12, 334.43, 459.24, 334.71, 453.98, 339.41, 449.0, 348.27, 443.74, 364.33, 435.44, 359.62, 433.5, 353.25, 432.95, 348.0, 430.73, 344.67, 428.52, 342.18, 425.75, 341.08, 423.26, 342.18, 416.62, 345.78, 414.95, 350.76, 414.95, 354.09, 414.95, 356.85, 413.85, 360.45, 411.91, 365.71, 410.8, 366.26, 409.42, 365.43, 403.33, 362.67, 395.3, 360.17, 390.87, 360.17, 387.83, 349.93, 379.52, 343.84, 373.43, 342.46, 375.09, 338.31, 375.37, 334.43, 374.26, 329.45, 372.6, 323.64, 378.97, 317.27, 383.4, 308.41, 390.87, 323.36, 409.42, 330.0, 418.55, 332.77, 422.15, 332.22, 425.47, 324.47, 430.73, 315.61, 436.27, 302.05, 442.91, 297.06, 445.4]]",40680.86,"[144.82, 372.6, 247.19, 266.57]"
1192187,88730,21,"[[179.84, 202.16, 180.51, 200.38, 181.19, 198.6, 180.85, 196.4, 182.04, 195.39, 182.55, 192.85, 185.08, 191.83, 187.62, 190.81, 189.23, 189.8, 190.84, 188.78, 190.42, 186.33, 189.99, 183.87, 190.08, 180.83, 190.16, 177.78, 189.82, 176.17, 189.49, 174.56, 189.49, 172.02, 190.5, 169.65, 191.52, 169.14, 193.04, 168.63, 194.65, 169.82, 196.26, 171.01, 197.53, 172.95, 198.8, 174.9, 199.22, 176.51, 199.64, 178.12, 199.64, 180.06, 199.64, 182.01, 199.64, 184.04, 200.32, 186.07, 202.35, 186.67, 204.38, 187.26, 207.26, 187.68, 210.14, 188.11, 211.15, 189.04, 212.17, 189.97, 211.83, 192.85, 210.64, 193.69, 209.97, 194.88, 210.18, 196.74, 210.39, 198.6, 210.6, 200.47, 210.81, 202.33, 212.0, 202.33, 212.34, 203.94, 212.68, 205.54, 210.22, 205.88, 207.77, 206.22, 205.57, 206.48, 203.37, 206.73, 202.18, 207.66, 200.92, 208.59, 199.44, 209.78, 197.95, 210.96, 196.81, 210.96, 195.68, 210.96, 193.21, 210.96, 190.92, 210.88, 188.64, 210.79, 187.37, 209.52, 186.1, 208.25, 184.83, 206.98, 183.56, 205.71, 182.21, 205.04, 180.85, 204.36, 179.84, 202.16]]",754.22,"[179.84, 168.63, 32.84, 42.33]"
